pokemon,item,level,user,score,kill,assist,interrupt,damage_done,damage_taken,damage_healed,ability1,ability2,tot_score,win,id_match
Crustle,Potion,12,Silez,0,8,4,2,72458,99578,30598,Dwebble_S11,Dwebble_S22,189,1,0
Gardevoir,XSpeed,12,Fzl%7CAquarius,59,4,9,0,70708,42685,6007,Ralts_S12,Ralts_S22,189,1,0
Charizard,Potion,13,Cat46,30,2,3,2,41545,21491,10696,Charmander_S11,Charmander_U11,189,1,0
Gengar,EjectButton,15,Jooma420,70,11,4,6,75646,45708,19683,Gastly_S21,Gastly_S11,189,1,0
Mew,EjectButton,13,Qriuss,30,2,6,0,40741,46943,4264,Mew_S1C,Mew_S2C,189,1,0
Espeon,XSpeed,14,BulkyITA,46,2,4,1,40010,36926,7284,Espeon_S11,Espeon_S22,76,0,0
Azumarill,XSpeed,14,OGTrainerAsh,0,2,2,0,34611,41847,24947,Azumarill_S12,Azumarill_S22,76,0,0
Greninja,XSpeed,14,OvelhaJR,0,4,2,0,55687,44805,13905,Froakie_S12,Froakie_S22,76,0,0
MrMime,EjectButton,14,Ishkander,2,4,8,0,62393,79013,28325,MrMime_S21,MrMime_S22,76,0,0
Trevenant,Potion,14,TranerTwo,28,6,7,0,63704,98507,67587,Trevenant_S12_1,Trevenant_S21,76,0,0
Crustle,Potion,14,Silez,200,3,6,0,18721,51067,32545,Dwebble_S11,Dwebble_S22,1193,1,1
Tyranitar,XSpeed,15,LilDoffy,268,2,6,0,48447,27193,9617,Tyranitar_S11,Tyranitar_S21,1193,1,1
Charizard,XSpeed,15,OSD%C2%B0A%C3%90,238,7,4,2,33720,43759,17768,Charmander_S12,Charmander_U12,1193,1,1
Wigglytuff,XSpeed,14,Mizar_107,179,7,2,1,36434,50529,21752,Jigglypuff_S12,Jigglypuff_S22,1193,1,1
Mew,EjectButton,15,Nash032,248,8,12,0,95324,17498,4835,Mew_S1B,Mew_S2B_1,1193,1,1
Pikachu,Gear,12,Gnuskus,43,3,3,8,49628,43586,8878,Pikachu_U11,Pikachu_S11,137,0,1
Scizor,EjectButton,14,MCandyman,0,6,3,3,67631,61115,16686,Scyther_S11,Scyther_S21,137,0,1
Cinderace,EjectButton,12,wTCC,55,0,4,2,49925,62073,6387,Scorbunny_S12,Scorbunny_S22,137,0,1
Wigglytuff,XSpeed,11,Riddel91,13,0,0,0,13627,29228,1468,Jigglypuff_S11,Jigglypuff_S22,137,0,1
Buzzwole,XSpeed,11,blacky91,26,0,0,0,9235,36644,6240,Buzzwole_S12,Buzzwole_S22,137,0,1
Pikachu,Gear,14,Baclofen,38,5,8,0,49929,37961,15054,Pikachu_U11,Pikachu_U12,612,1,2
Charizard,Potion,14,Turbokolos,110,5,5,0,36608,55961,17466,Charmander_S11,Charmander_U11,612,1,2
Absol,EjectButton,15,xDragz,228,9,5,3,69027,26538,10634,Absol_S12,Absol_S22,612,1,2
Sylveon,Potion,14,LazyOak,200,7,7,1,55702,51536,23443,Sylveon_S12,Sylveon_S22,612,1,2
Scizor,EjectButton,14,S!nth_eth!k,36,7,3,3,52451,57335,11586,Scyther_S11,Scyther_S21,612,1,2
Zeraora,Potion,13,nikolaPavlo,74,2,1,0,15284,34309,1922,Zeraora_S11,Zeraora_S21,452,0,2
Mew,EjectButton,14,Trancos_07,64,7,2,2,71474,56025,3326,Mew_S1C,Mew_S2C,452,0,2
Crustle,Potion,12,Silez,98,1,3,0,39105,82848,25419,Dwebble_S11,Dwebble_S22,452,0,2
Decidueye,EjectButton,14,nikihero,40,4,2,0,47942,36627,15796,Decidueye_S11,Decidueye_S21,452,0,2
Glaceon,EjectButton,15,EeveeW42,176,4,4,0,55526,53908,10561,Glaceon_S11,Glaceon_S21,452,0,2
Absol,XSpeed,15,MilanOne,119,11,3,1,50240,33965,12983,Absol_S12,Absol_S11,364,1,3
Wigglytuff,XSpeed,14,Damien3,159,1,3,1,19539,46564,13865,Jigglypuff_S11,Jigglypuff_S22,364,1,3
Cramorant,XSpeed,13,TempestTem,13,2,5,1,41924,26234,6902,Cramorant_S11,Cramorant_S21,364,1,3
Mamoswine,EjectButton,13,BFLAME,24,4,8,0,50064,55723,14034,Swinub_S11,Swinub_S21,364,1,3
Greedent,EjectButton,14,Dr.Salzig%E3%82%B7,49,4,6,4,49477,72976,58073,Skwovet_1B,Skwovet_2B,364,1,3
Crustle,Potion,11,Silez,26,2,7,3,30729,77995,18833,Dwebble_S11,Dwebble_S22,169,0,3
Mew,XSpeed,12,WoozySim,57,2,0,1,33017,28687,1413,Mew_S1C,Mew_S2C,169,0,3
Pikachu,EjectButton,13,IvyJx,0,4,5,5,49240,31505,7838,Pikachu_S12,Pikachu_S11,169,0,3
Cinderace,EjectButton,13,Calvinkachu,31,1,7,18,65047,24516,4153,Scorbunny_S11,Scorbunny_S21,169,0,3
Zeraora,EjectButton,13,LePros,43,7,5,1,57429,48541,17616,Zeraora_S12,Zeraora_S22,169,0,3
Cramorant,XSpeed,14,HaiAnh0803,162,2,10,0,59277,31044,7284,Cramorant_S11,Cramorant_S21,839,1,4
Gardevoir,XSpeed,13,Arvidy,135,5,5,0,43361,18847,6160,Ralts_S11,Ralts_S21,839,1,4
Scizor,XSpeed,14,V3GAZ,140,9,4,3,61810,57954,11992,Scyther_S11,Scyther_S21,839,1,4
Aegislash,EjectButton,14,Ozzyyt,207,9,2,1,63260,66741,35685,Aegislash_S11,Aegislash_S22,839,1,4
Trevenant,XSpeed,14,Barakka76,155,5,5,0,56319,75906,63493,Trevenant_S12,Trevenant_S21,839,1,4
Gengar,XSpeed,12,S%C3%82SH%C3%82,39,5,3,0,37747,39356,10005,Gastly_S12,Gastly_S11,224,0,4
MrMime,XSpeed,13,Kars1090,14,3,4,0,44852,80666,39760,MrMime_S21,MrMime_S22,224,0,4
Delphox,XSpeed,13,GenoWolf,0,7,1,2,79747,51751,4930,Fennekin_S12,Fennekin_S22,224,0,4
Crustle,Potion,11,Silez,89,1,4,0,31849,71169,21383,Dwebble_S11,Dwebble_S22,224,0,4
Greninja,EjectButton,13,Dalamarra,82,1,6,1,56297,41085,8932,Froakie_S11,Froakie_S21,224,0,4
Crustle,Potion,13,Silez,22,3,5,1,39647,75087,25015,Dwebble_S11,Dwebble_S22,354,1,5
Gardevoir,EjectButton,14,dan333,168,7,8,0,64581,32020,4255,Ralts_S12,Ralts_S21,354,1,5
Machamp,XSpeed,15,HzAido,41,12,4,0,79517,47740,11763,Machop_S12,Machop_S21,354,1,5
Sylveon,XSpeed,14,HzCrashSteve,93,7,17,0,68429,55087,16572,Sylveon_S12,Sylveon_S22,354,1,5
Glaceon,XAttack,14,HzFeilon,30,5,7,5,55436,41162,12679,Glaceon_S12,Glaceon_S22,354,1,5
Blastoise,EjectButton,13,Dalamarra,51,0,7,1,25573,55109,9797,Squirtle_S12,Squirtle_S21,251,0,5
Tsareena,EjectButton,12,shacho2623,19,1,5,5,28418,71541,12021,Tsareena_S11,Tsareena_S21,251,0,5
Charizard,XSpeed,15,%E5%A4%9C%E5%AD%93,99,6,6,0,68142,48079,8005,Charmander_S11,Charmander_U12,251,0,5
MrMime,XSpeed,13,%E5%86%85%E5%BE%B7,42,2,8,0,40007,73502,21641,MrMime_S21,MrMime_S22,251,0,5
Greninja,XAttack,15,%E4%B8%B7%E5%91%86%E8%95%89%E5%B8%83%E4%B8%B7,40,18,2,0,88956,59379,17938,Froakie_S12,Froakie_S22,251,0,5
Crustle,Potion,14,Silez,189,3,11,3,53114,69738,22043,Dwebble_S11,Dwebble_S22,739,1,6
Dragonite,Purify,15,luca7278,156,2,6,0,50409,40324,19089,Dragonite_S11,Dragonite_S21_1,739,1,6
Glaceon,Potion,15,EnvyMat_ita,157,12,2,1,82720,25721,11571,Glaceon_S11,Glaceon_S21,739,1,6
Pikachu,Potion,13,AlexToul,151,5,8,0,56675,35608,14703,Pikachu_S12,Pikachu_U12,739,1,6
Venusaur,Potion,14,EddieNanousi,46,10,6,1,80735,59315,35476,Bulbasaur_S12,Bulbasaur_U12,739,1,6
Absol,XAttack,14,alexsancho26,0,2,1,0,45596,50257,6613,Absol_S21,Absol_S11,208,0,6
Charizard,Potion,13,Matrix_Neo,66,6,2,1,49607,35986,9624,Charmander_S11,Charmander_U12,208,0,6
Sylveon,XSpeed,12,czekichan,7,3,0,0,28918,70846,5250,Sylveon_S12,Sylveon_S22,208,0,6
Aegislash,Potion,13,TheRealCiuss,86,3,3,0,44958,73339,17767,Aegislash_S11,Aegislash_S21,208,0,6
MrMime,Potion,14,Hana.michi93,49,2,9,0,61627,93225,49995,MrMime_S21,MrMime_S22,208,0,6
Crustle,Potion,12,Silez,20,3,6,3,37643,73036,23093,Dwebble_S11,Dwebble_S22,473,1,7
Azumarill,XSpeed,14,Shenkez,99,6,4,0,43242,50943,36604,Azumarill_S11,Azumarill_S22,473,1,7
Gengar,EjectButton,15,MarkSpartan,236,16,3,0,99259,59809,29849,Gastly_S21,Gastly_S11,473,1,7
Dragonite,EjectButton,14,Asthoroth50,48,4,1,2,38226,48264,13001,Dragonite_S11,Dragonite_S22,473,1,7
Espeon,XSpeed,14,Leledress,50,5,4,3,54410,40293,5634,Espeon_S11,Espeon_S21,473,1,7
Delphox,Gear,12,Kazma45,40,4,4,2,58094,63238,7575,Fennekin_S12,Fennekin_S21,188,0,7
Sylveon,XSpeed,13,Shxrty406,69,7,5,2,53920,57896,27444,Sylveon_S12,Sylveon_S22,188,0,7
Gardevoir,EjectButton,13,Capn_Crunch_,38,4,2,0,39671,29873,437,Ralts_S11,Ralts_S22,188,0,7
MrMime,XSpeed,13,Copasa,41,5,10,1,72633,81067,29695,MrMime_S21,MrMime_S22,188,0,7
Decidueye,EjectButton,13,Tspezz,0,4,5,1,48027,40706,1820,Decidueye_S12,Decidueye_S22,188,0,7
Gengar,Tail,15,Phosmo,249,19,0,0,82784,48033,18640,Gastly_S12,Gastly_S22,716,1,8
Snorlax,EjectButton,14,MGunChris,84,3,7,0,57711,85763,34536,Snorlax_S11,Snorlax_S22,716,1,8
Wigglytuff,Gear,14,Infernus,98,5,8,1,26195,53448,7691,Jigglypuff_S12,Jigglypuff_S22,716,1,8
Espeon,XSpeed,15,Neltj,160,2,8,0,56125,33834,5708,Espeon_S11,Espeon_S22,716,1,8
Dodrio,Ganrao,15,Roghius,105,10,7,8,69127,49450,19222,Dodrio_S11,Dodrio_S21,716,1,8
Crustle,Potion,12,Silez,44,0,5,1,28568,85368,24469,Dwebble_S11,Dwebble_S22,184,0,8
Cinderace,Gear,14,Flopok,0,4,6,3,60690,36438,6502,Scorbunny_S12,Scorbunny_S21,184,0,8
Mew,XSpeed,13,%5B%E5%9B%9B%E7%9A%87%5DF%C3%B8b%C3%B6s,13,2,7,0,51677,54745,4643,Mew_S1B,Mew_S2B_1,184,0,8
Buzzwole,Potion,14,%5B%E5%9B%9B%E7%9A%87%5DEc%C3%A2t%C3%AB,111,5,2,1,70731,72111,27020,Buzzwole_S12,Buzzwole_S22,184,0,8
Gardevoir,EjectButton,14,%5B%E5%9B%9B%E7%9A%87%5DDe%C3%AFm%C3%B4%C5%A1,16,5,4,2,58862,43280,2972,Ralts_S12,Ralts_S21,184,0,8
Aegislash,Potion,14,Park%C3%B8,46,9,5,3,80368,90498,39825,Aegislash_S11,Aegislash_S22,589,1,9
Cinderace,XAttack,15,BllyNvrlnd,116,10,3,1,70603,32081,7948,Scorbunny_S11,Scorbunny_S21,589,1,9
MrMime,Potion,14,Henry159,146,7,6,0,65855,67608,50532,MrMime_S12,MrMime_S22,589,1,9
Slowbro,XSpeed,14,Ndrept,155,2,13,1,30334,79627,16770,Slowpoke_S12,Slowpoke_S22,589,1,9
Tyranitar,XSpeed,14,insania93,106,4,7,0,92084,48245,12594,Tyranitar_S11,Tyranitar_S21,589,1,9
Crustle,Potion,12,Silez,26,2,7,0,44449,87076,19270,Dwebble_S11,Dwebble_S22,237,0,9
Gardevoir,XSpeed,13,Kiyro,43,1,6,1,67326,45375,679,Ralts_S12,Ralts_S21,237,0,9
Dodrio,Ganrao,14,SkyIsGreen,63,1,4,1,52313,64091,14077,Dodrio_S12,Dodrio_S21,237,0,9
MrMime,XSpeed,13,Gweedocarti%C3%A8,43,3,5,1,42891,85426,33617,MrMime_S21,MrMime_S22,237,0,9
Greninja,XAttack,15,WLT%E3%83%BB%E6%84%9BKAZE,62,13,2,2,111080,57276,16181,Froakie_S12,Froakie_S22,237,0,9
MrMime,Potion,14,rocchino95,76,3,9,0,61948,75028,39673,MrMime_S21,MrMime_S22,491,1,10
Crustle,Potion,14,Silez,0,4,5,0,51915,92807,23159,Dwebble_S11,Dwebble_S22,491,1,10
Charizard,XSpeed,15,cravellg,216,6,4,5,74584,51882,6330,Charmander_S11,Charmander_U11,491,1,10
Absol,Potion,15,Nappy1990,26,7,4,0,72291,63244,14188,Absol_S21,Absol_S11,491,1,10
Azumarill,Potion,15,GioDlz,173,6,7,1,79089,94589,47537,Azumarill_S11,Azumarill_S21,491,1,10
Gengar,EjectButton,15,tr%C3%B6stezza,104,16,8,2,94891,66125,37927,Gastly_S21,Gastly_S11,284,0,10
Wigglytuff,Potion,13,Ulonia,48,5,11,0,38661,76203,31304,Jigglypuff_S11,Jigglypuff_S22,284,0,10
Tsareena,EjectButton,14,DonAndr%C3%A9s8,46,8,11,2,65119,64206,13984,Tsareena_S11,Tsareena_S21,284,0,10
Charizard,Potion,14,RaichuD91,44,9,15,1,111325,74698,25942,Charmander_S11,Charmander_U11,284,0,10
Gardevoir,EjectButton,13,Gmotta93,42,4,5,3,67554,58595,5686,Ralts_S12,Ralts_S21,284,0,10
Pikachu,EjectButton,13,ZuzuHL,19,6,9,1,65954,36131,9504,Pikachu_S12,Pikachu_U12,322,1,11
Aegislash,XSpeed,15,MightyVeron,114,6,2,0,48281,39804,7057,Aegislash_S11,Aegislash_S21,322,1,11
Crustle,Potion,12,Silez,56,7,6,0,54161,73181,23933,Dwebble_S11,Dwebble_S22,322,1,11
Glaceon,XSpeed,13,SilvrCrow971,0,7,7,1,64753,52413,12839,Glaceon_S12,Glaceon_S21,322,1,11
Zeraora,XAttack,14,Max97one,17,5,7,0,63863,47665,10227,Zeraora_S11,Zeraora_S21,322,1,11
Azumarill,XSpeed,14,Tehpwnerer,140,6,2,1,34534,49294,14174,Azumarill_S11,Azumarill_S22,206,0,11
MrMime,XSpeed,13,Mahyda,14,5,6,0,46672,77715,34734,MrMime_S21,MrMime_S22,206,0,11
Greninja,XSpeed,13,ivantepo87,51,7,5,0,65201,46672,13041,Froakie_S12,Froakie_S21,206,0,11
Aegislash,XSpeed,12,oIjOXal6Gjjy,66,5,6,0,46193,62074,15645,Aegislash_S11,Aegislash_S21,206,0,11
Charizard,XSpeed,13,WildArt93,51,8,9,0,56594,61257,17273,Charmander_S11,Charmander_U11,206,0,11
Tsareena,XSpeed,14,d%C3%ABvilsn%C3%A4r%C3%A8,48,2,5,0,52468,52243,10813,Tsareena_S11,Tsareena_S21,332,1,12
Tyranitar,XSpeed,13,thoerrin,51,5,4,0,50114,41511,5460,Tyranitar_S11,Tyranitar_S21_2,332,1,12
Aegislash,Potion,13,belva_umana,30,3,1,4,50376,72029,32770,Aegislash_S11,Aegislash_S21,332,1,12
Mew,EjectButton,14,%EB%8F%99%EC%AA%BD%EC%82%AC%ED%98%95%EC%88%98,148,10,6,0,75816,36826,5455,Mew_S1A,Mew_S2C,332,1,12
Cramorant,EjectButton,13,Siren%E3%82%B7,35,4,10,1,67141,48135,487,Cramorant_S11,Cramorant_S21,332,1,12
Crustle,Potion,11,Silez,39,2,7,0,36422,58600,22747,Dwebble_S11,Dwebble_S22,199,0,12
Garchomp,EjectButton,14,Davido_,60,7,2,0,75272,56427,35620,Gible_S12,Gible_S22,199,0,12
Mew,XSpeed,12,Matt182,38,4,8,0,52812,38178,5498,Mew_S1C,Mew_S2C,199,0,12
Charizard,Potion,13,achillefs,32,3,3,3,46746,75265,22419,Charmander_S12,Charmander_U11,199,0,12
Pikachu,Potion,12,fglue,30,4,3,0,39492,67445,20094,Pikachu_S12,Pikachu_U12,199,0,12
Crustle,Potion,13,Silez,24,1,11,0,31004,69786,24863,Dwebble_S11,Dwebble_S22,813,1,13
Delphox,XSpeed,14,ClenchedCoin,128,3,3,0,38685,37974,4702,Fennekin_S12,Fennekin_S22,813,1,13
Greninja,XAttack,15,VashVII,148,12,1,0,58658,32587,11719,Froakie_S12,Froakie_S22,813,1,13
Tyranitar,XSpeed,15,Cerulyan,338,14,4,0,95438,49817,8925,Tyranitar_S11,Tyranitar_S21_2,813,1,13
Scizor,EjectButton,14,m3rcurial92,135,1,5,0,34051,44181,12924,Scyther_S11,Scyther_S21,813,1,13
Aegislash,XAttack,14,Daiking23,30,7,4,2,50637,74231,15731,Aegislash_S11,Aegislash_S21,233,0,13
Charizard,EjectButton,14,LolaVersace,93,8,4,4,53548,45543,7548,Charmander_S11,Charmander_U11,233,0,13
Mew,XSpeed,13,fRobbin,28,7,7,1,64304,49377,4777,Mew_S1C,Mew_S2C,233,0,13
Gengar,EjectButton,13,AlpayE,64,2,6,9,36720,50000,6907,Gastly_S12,Gastly_S22,233,0,13
Venusaur,EjectButton,12,Player3749,18,2,4,0,29136,38685,2183,Bulbasaur_S11,Bulbasaur_U11,233,0,13
Crustle,Potion,11,Silez,47,3,10,0,44474,82135,28116,Dwebble_S11,Dwebble_S22,251,1,14
Espeon,Ganrao,13,sergirb7,68,11,6,8,77672,48328,8197,Espeon_S11,Espeon_S22,251,1,14
Mew,XSpeed,12,Arthemis_RKO,20,7,5,0,51916,24193,5589,Mew_S1B,Mew_S2B_1,251,1,14
Greninja,EjectButton,15,ARK-Alta,61,9,3,0,36770,26903,11980,Froakie_S12,Froakie_S22,251,1,14
Lucario,Purify,13,Mara-S%C2%A0,55,6,8,0,73394,39122,23337,Lucario_S12,Lucario_U11,251,1,14
Aegislash,XAttack,12,Daiking23,0,3,2,1,36009,67187,12381,Aegislash_S11,Aegislash_S21,95,0,14
Trevenant,EjectButton,12,AKMOLLY,0,3,6,2,19914,52150,25982,Trevenant_S12,Trevenant_S21,95,0,14
Gengar,Purify,13,COLISSJ,7,4,4,0,47129,54504,17745,Gastly_S21,Gastly_S11,95,0,14
Mew,EjectButton,12,Lahbudica,0,3,4,0,54736,56604,5071,Mew_S1A,Mew_S2C,95,0,14
Charizard,XSpeed,13,Moaspike,88,4,3,0,62893,53781,3892,Charmander_S12,Charmander_U12,95,0,14
Trevenant,XAttack,15,Paponzi,88,6,11,4,66235,91700,55621,Trevenant_S12,Trevenant_S21,371,1,15
Crustle,Potion,14,Silez,68,7,14,14,60475,91500,25523,Dwebble_S11,Dwebble_S22,371,1,15
MrMime,XSpeed,14,MagikarpTart,40,2,11,5,59502,72522,32120,MrMime_S21,MrMime_S22,371,1,15
Mew,EjectButton,14,Cant%C3%BCrk27,16,13,11,0,58091,29265,4228,Mew_S1B,Mew_S2B_1,371,1,15
Greninja,Purify,15,OAnouar,139,11,11,0,60969,42533,23037,Froakie_S12,Froakie_S22,371,1,15
Dodrio,XSpeed,13,AceD2,46,4,4,1,37813,56427,5252,Dodrio_S12,Dodrio_S22,284,0,15
Charizard,EjectButton,15,mattevanta,21,7,3,2,72320,73421,4952,Charmander_S12,Charmander_U12,284,0,15
Mamoswine,Ganrao,13,Alf_Cooper,66,1,12,1,72790,65958,9069,Swinub_S11,Swinub_S21,284,0,15
Gengar,XAttack,14,chamoh,128,4,4,0,62377,56345,10382,Gastly_S12,Gastly_S22,284,0,15
Pikachu,EjectButton,14,RONALDO44,23,8,6,3,82220,53121,9724,Pikachu_S12,Pikachu_U12,284,0,15
Pikachu,Potion,14,Tobitoast,85,7,11,0,53365,50394,17776,Pikachu_S12,Pikachu_U12,480,1,16
Gengar,XAttack,15,chamoh,109,17,5,6,87308,52900,25577,Gastly_S12,Gastly_S22,480,1,16
Decidueye,EjectButton,14,x0flNqFfKemK,31,9,13,2,108223,42987,14553,Decidueye_S12,Decidueye_S21,480,1,16
Trevenant,Potion,13,PolinaPikach,53,3,11,0,47795,108444,70012,Trevenant_S12,Trevenant_S21,480,1,16
Greedent,Gear,14,mimikeksik,182,7,9,2,46729,69929,40265,Skwovet_1B,Skwovet_2B,480,1,16
Crustle,Potion,13,Silez,36,3,7,1,47794,101975,25195,Dwebble_S11,Dwebble_S22,237,0,16
Gengar,Ganrao,13,SifuBrand,39,4,5,0,52170,59782,13092,Gastly_S21,Gastly_S11,237,0,16
Decidueye,XSpeed,14,Apola,0,2,8,0,63779,34652,3453,Decidueye_S12,Decidueye_S22,237,0,16
Sylveon,Potion,14,Wygomrtensen,143,6,12,1,90173,96214,41932,Sylveon_S11,Sylveon_S21,237,0,16
Espeon,XSpeed,13,Misialinaa,19,6,5,2,70738,50797,851,Espeon_S11,Espeon_S21,237,0,16
Crustle,Potion,13,Silez,21,3,11,0,33917,64682,20245,Dwebble_S11,Dwebble_S22,385,1,17
Azumarill,XSpeed,14,Raptorvelox,156,10,5,0,50593,57917,29501,Azumarill_S11,Azumarill_S21,385,1,17
MrMime,Potion,14,YegrosArcade,102,11,8,0,68065,63278,55260,MrMime_S21,MrMime_S22,385,1,17
Espeon,XSpeed,12,Player18906,68,1,9,0,37888,38281,7101,Espeon_S11,Espeon_S22,385,1,17
Charizard,Purify,15,revl1x,38,12,3,1,88117,33226,7769,Charmander_S11,Charmander_U11,385,1,17
Zeraora,Potion,13,Yowinta,0,6,5,10,47614,62432,12811,Zeraora_S11,Zeraora_S21,117,0,17
Scizor,XAttack,12,Serranoo,43,0,4,0,24479,59256,17538,Scyther_S12_1,Scizor_S22,117,0,17
Sylveon,XSpeed,13,sweetnameles,30,2,3,1,50850,45103,15630,Sylveon_S12,Sylveon_S22,117,0,17
Aegislash,Potion,13,Ashinaboru,17,5,2,0,39651,65369,18982,Aegislash_S11,Aegislash_S21,117,0,17
Duraludon,XAttack,12,LTR%C3%97SamusD,27,1,3,0,94790,46420,6183,Duraludon_S11,Duraludon_S21,117,0,17
Lucario,XSpeed,13,MrDioro,0,1,4,2,37757,53050,8943,Lucario_S11,Lucario_U11,541,1,18
Charizard,EjectButton,15,STmerguez,160,8,4,2,56242,41607,5656,Charmander_S12,Charmander_U12,541,1,18
Delphox,EjectButton,13,%5BCRK%5DBbyPlu,130,1,12,1,48878,40370,3616,Fennekin_S12,Fennekin_S22,541,1,18
Greninja,XSpeed,15,%5BCRK%5Dpipita,87,9,8,1,83465,53513,16859,Froakie_S12,Froakie_S22,541,1,18
Trevenant,Potion,15,%5BCRK%5DFY_b%C2%A5h,144,7,5,0,51628,78263,61876,Trevenant_S12,Trevenant_S21,541,1,18
Decidueye,EjectButton,14,%D0%A0%D0%B8%D0%96%D0%B0%D0%9C%D0%B0%D0%92%D0%BF%D0%90,79,4,4,2,48414,32015,5396,Decidueye_S12,Decidueye_S21,334,0,18
Charizard,XSpeed,15,ChelseaDia94,85,13,4,0,95285,66714,22353,Charmander_S11,Charmander_U11,334,0,18
Crustle,Potion,12,Silez,30,1,11,6,34762,71569,23469,Dwebble_S11,Dwebble_S22,334,0,18
MrMime,EjectButton,13,Boubz95,65,6,8,0,41651,63582,41242,MrMime_S12,MrMime_S22,334,0,18
Mew,XSpeed,13,Double-v,55,6,8,2,46691,44090,4420,Mew_S1A,Mew_S2C,334,0,18
MrMime,EjectButton,14,Boubz95,147,4,7,0,39205,63784,53403,MrMime_S12,MrMime_S22,602,1,19
Delphox,EjectButton,14,SilvrCrow971,146,6,16,0,68467,37776,1594,Fennekin_S11,Fennekin_S22,602,1,19
Crustle,Potion,14,Silez,165,3,15,1,49480,70605,19831,Dwebble_S11,Dwebble_S22,602,1,19
Greninja,XAttack,14,Max97one,39,18,3,1,74538,35761,8773,Froakie_S12,Froakie_S22,602,1,19
Machamp,XSpeed,13,Double-v,85,3,4,0,22919,35668,6663,Machop_S12,Machop_S21,602,1,19
Charizard,XSpeed,11,Ataesone,0,0,2,4,32148,57064,7785,Charmander_S12,Charmander_U12,240,0,19
Decidueye,XSpeed,14,SifuBrand,30,8,6,2,60162,33417,2531,Decidueye_S12,Decidueye_S22,240,0,19
Sylveon,XSpeed,12,Yonri99,10,3,6,0,50963,68037,21667,Sylveon_S11,Sylveon_S21,240,0,19
Gardevoir,EjectButton,12,LocLac19,0,3,8,0,64446,41453,3034,Ralts_S12,Ralts_S21,240,0,19
MrMime,XSpeed,14,Leadaaa,200,3,6,0,35875,54638,34143,MrMime_S12,MrMime_S22,240,0,19
MrMime,EjectButton,13,Boubz95,162,1,13,1,40684,61537,32740,MrMime_S12,MrMime_S22,623,1,20
Crustle,Potion,13,Silez,57,2,16,0,60626,81852,28429,Dwebble_S11,Dwebble_S22,623,1,20
Duraludon,XAttack,15,Max97one,122,16,9,0,87860,53655,15130,Duraludon_S12,Duraludon_S21,623,1,20
Delphox,EjectButton,14,SilvrCrow971,132,10,16,3,110886,59844,9814,Fennekin_S11,Fennekin_S22,623,1,20
Dragonite,XSpeed,13,Double-v,110,6,6,0,33697,45316,12313,Dragonite_S11,Dragonite_S22,623,1,20
Sylveon,XSpeed,13,Yonri99,100,4,10,4,61507,76633,20094,Sylveon_S11,Sylveon_S21,432,0,20
Gardevoir,EjectButton,15,LocLac19,100,11,5,4,100851,38257,5160,Ralts_S12,Ralts_S21,432,0,20
Buzzwole,XSpeed,13,Ataesone,40,2,3,0,41867,77991,15172,Buzzwole_S12,Buzzwole_S22,432,0,20
Gengar,Ganrao,15,SifuBrand,100,10,6,0,71295,60796,16144,Gastly_S21,Gastly_S11,432,0,20
MrMime,XSpeed,12,Leadaaa,92,0,8,1,26684,80076,26123,MrMime_S12,MrMime_S22,432,0,20
Crustle,Potion,13,Silez,16,6,6,0,58068,107705,29735,Dwebble_S11,Dwebble_S22,447,1,21
Tyranitar,Potion,14,Max97one,115,4,11,2,87476,59345,19734,Tyranitar_S11,Tyranitar_S21,447,1,21
Delphox,EjectButton,14,SilvrCrow971,62,8,9,3,86945,42750,994,Fennekin_S11,Fennekin_S22,447,1,21
MrMime,EjectButton,14,Boubz95,182,5,9,0,61347,73027,50915,MrMime_S12,MrMime_S22,447,1,21
Dragonite,XSpeed,13,Double-v,56,2,7,0,32059,59790,6252,Dragonite_S11,Dragonite_S22,447,1,21
MrMime,Potion,14,Kubas88,43,5,8,1,41864,54565,43478,MrMime_S12,MrMime_S22,180,0,21
Mamoswine,Gear,13,roslinasz,27,2,12,1,49036,75263,9844,Swinub_S11,Swinub_S22,180,0,21
Trevenant,Potion,13,Volios,35,3,13,0,77899,93780,60384,Trevenant_S12,Trevenant_S21,180,0,21
Venusaur,Potion,14,MatthewX92,19,8,11,4,108477,48028,11997,Bulbasaur_S11,Bulbasaur_U11,180,0,21
Aegislash,EjectButton,15,Muciass,56,13,7,0,65341,54259,16223,Aegislash_S11,Aegislash_S21,180,0,21
Absol,EjectButton,15,DA3I3,123,11,10,3,74122,45423,19636,Absol_S21,Absol_S22,475,1,22
Tyranitar,XSpeed,14,Nyumii,76,4,9,2,65537,52710,12307,Tyranitar_S11,Tyranitar_S21,475,1,22
Azumarill,XSpeed,15,Kiiwaa,82,11,10,1,107234,88295,57254,Azumarill_S12,Azumarill_S22,475,1,22
Greedent,Potion,13,Feathon,98,3,12,1,25927,80593,48945,Skwovet_1B,Skwovet_2B,475,1,22
Cinderace,XAttack,14,ShutEnzo,60,9,12,5,90748,55396,9487,Scorbunny_S12,Scorbunny_S21,475,1,22
Trevenant,Potion,14,Silez,42,4,4,2,59514,112999,65812,Trevenant_S12,Trevenant_S21,324,0,22
Pikachu,EjectButton,14,Brad31,152,4,9,2,57760,46407,7411,Pikachu_S12,Pikachu_U12,324,0,22
Tsareena,Gear,14,ace7,72,6,0,0,45199,53217,12480,Tsareena_S11,Tsareena_S21,324,0,22
Tyranitar,XSpeed,13,TheChemist38,18,0,3,2,38617,52347,10487,Tyranitar_S11,Tyranitar_S21,324,0,22
MrMime,XSpeed,14,Rickszki,40,9,5,1,121327,98598,33098,MrMime_S21,MrMime_S22,324,0,22
Ninetales,Potion,14,Poxolo,45,3,5,0,77703,56650,16099,Vulpix_S11,Vulpix_S21,391,1,23
Blastoise,Potion,13,kepa2323,20,1,7,1,40748,57976,20482,Squirtle_S12,Squirtle_S21,391,1,23
Decidueye,EjectButton,13,Sagenshiki,26,6,5,1,51973,41682,2774,Decidueye_S12,Decidueye_S22,391,1,23
Gengar,EjectButton,15,Lxffer,176,14,6,4,88847,45859,16061,Gastly_S12,Gastly_S22,391,1,23
Cinderace,XAttack,15,Zaker,124,5,5,2,45289,24973,4309,Scorbunny_S12,Scorbunny_S21,391,1,23
Trevenant,Potion,12,Silez,36,3,4,4,40577,93603,55569,Trevenant_S12,Trevenant_S21,327,0,23
Pikachu,XSpeed,14,Almeida88,37,6,3,3,58216,47705,9558,Pikachu_S12,Pikachu_U12,327,0,23
Crustle,Ganrao,13,nekobcn,133,5,3,0,47962,68130,1960,Dwebble_S12,Dwebble_S22,327,0,23
Zeraora,EjectButton,13,Bloodyarru,40,4,4,0,46572,45011,6699,Zeraora_S12,Zeraora_S21,327,0,23
Delphox,Potion,13,FornTrinitat,81,3,5,0,33813,50111,19254,Fennekin_S12,Fennekin_S21,327,0,23
Mamoswine,Gear,13,medoro,22,6,6,0,46175,78470,15012,Swinub_S12,Swinub_S21,411,1,24
Absol,EjectButton,15,CustomCrauto,15,7,7,1,90767,62270,6959,Absol_S12,Absol_S11,411,1,24
Pikachu,EjectButton,14,Azurill%3F,149,5,9,0,57665,48379,12176,Pikachu_S12,Pikachu_S11,411,1,24
MrMime,XSpeed,15,Piers90,221,12,10,2,89885,58127,39253,MrMime_S21,MrMime_S22,411,1,24
Azumarill,XSpeed,14,Cla864,4,7,13,1,90505,94004,49887,Azumarill_S12,Azumarill_S22,411,1,24
Garchomp,Potion,12,Silez,4,2,5,1,41756,67877,20830,Gible_S12,Gible_S22,325,0,24
Greninja,XAttack,14,Astrilgare,77,12,7,0,95280,52745,19485,Froakie_S11,Froakie_S21,325,0,24
Slowbro,Potion,12,Pass3,72,4,8,4,62616,109021,29125,Slowpoke_S11,Slowpoke_S21,325,0,24
Mew,EjectButton,13,Benniko91,37,5,10,0,78575,54422,11298,Mew_S1C,Mew_S2C,325,0,24
Snorlax,XSpeed,13,Bensterl,115,6,11,1,63023,90932,36490,Snorlax_S11,Snorlax_S2,325,0,24
Garchomp,Potion,13,Silez,208,5,3,0,79834,32579,22811,Gible_S12,Gible_S22,560,1,25
MrMime,Potion,13,Fabbroxi,39,2,3,0,46556,48759,29449,MrMime_S21,MrMime_S11,560,1,25
Mamoswine,XAttack,14,IlBardam,144,3,8,0,53490,31567,4010,Swinub_S12,Swinub_S22,560,1,25
Blastoise,EjectButton,13,PICIOPC,90,0,6,0,47535,28786,9909,Squirtle_S12,Squirtle_S21,560,1,25
Absol,EjectButton,14,Daddamg,59,11,4,0,71456,23128,7146,Absol_S12,Absol_S22,560,1,25
Talonflame,XSpeed,12,aarmyj,23,1,3,0,36527,45333,1007,Fletchling_S12,Fletchling_S21,183,0,25
Wigglytuff,EjectButton,12,Buscofeng,30,2,1,0,27451,61888,10232,Jigglypuff_S12,Jigglypuff_S22,183,0,25
Blissey,Potion,12,PICHIBUSQ,0,1,5,0,39458,97885,44445,Chansey_S11,Chansey_S21,183,0,25
Eldegoss,Potion,13,severnn,44,3,2,0,18047,46377,40123,Gossifleur_S11,Gossifleur_S21,183,0,25
Venusaur,EjectButton,13,CAMOXISS,66,2,2,1,43336,47388,17171,Bulbasaur_S12,Bulbasaur_U12,183,0,25
Machamp,EjectButton,14,Iocancaro,59,4,6,1,49964,39588,12013,Machop_S11,Machop_S22,452,1,26
Azumarill,XSpeed,14,N%C3%ACb%C3%AC,93,8,10,0,65905,56591,38469,Azumarill_S11,Azumarill_S22,452,1,26
Tsareena,XSpeed,15,Veronikav,32,13,9,1,99248,44938,19228,Tsareena_S12,Tsareena_S21,452,1,26
Wigglytuff,EjectButton,13,Tristum,143,2,14,1,49302,83590,24022,Jigglypuff_S11,Jigglypuff_S21,452,1,26
Greninja,XAttack,15,xJeZiL,105,16,10,1,112852,50982,38288,Froakie_S12,Froakie_S22,452,1,26
Cinderace,EjectButton,13,%E9%87%91%C2%A7E%C2%AEi%C2%A9%C2%A7,22,7,3,6,58885,50576,6484,Scorbunny_S12,Scorbunny_S21,346,0,26
Tsareena,EjectButton,14,ljzmaj,53,5,8,5,78531,76981,12276,Tsareena_S12,Tsareena_S21,346,0,26
Dodrio,Ganrao,14,Umberto793,235,1,3,0,30099,50711,4682,Dodrio_S12,Dodrio_S22,346,0,26
Snorlax,XSpeed,13,loopsein,36,4,3,1,50365,99601,27889,Snorlax_S11,Snorlax_S22,346,0,26
Crustle,Potion,12,Silez,0,2,8,1,57809,99402,24147,Dwebble_S11,Dwebble_S22,346,0,26
Mamoswine,Potion,14,SodaUniverse,50,4,4,0,23503,70383,19126,Swinub_S12,Swinub_S21,423,1,27
Sylveon,XSpeed,15,nux_j,40,11,2,0,60964,49103,30222,Sylveon_S12,Sylveon_S21,423,1,27
Charizard,Potion,14,Dodidodo98,151,6,6,0,72337,85891,30267,Charmander_S11,Charmander_U11,423,1,27
Snorlax,XSpeed,13,loopsein,182,2,3,0,19585,82555,30031,Snorlax_S11,Snorlax_S22,423,1,27
Garchomp,Potion,14,Silez,0,2,1,1,19927,44901,12360,Gible_S12,Gible_S11,423,1,27
Gardevoir,EjectButton,14,BriocheHero,29,6,3,4,80493,37351,6851,Ralts_S11,Ralts_S21,210,0,27
Espeon,XAttack,13,KenshenYuki,27,2,10,3,62119,34554,0,Espeon_S12,Espeon_S21,210,0,27
Crustle,XSpeed,14,Lamblettuce,67,9,3,1,66578,53797,674,Dwebble_S12,Dwebble_S22,210,0,27
Absol,Ganrao,14,%E5%A4%B1%E6%81%8B_KIRITO,78,9,6,2,59171,30424,4767,Absol_S12,Absol_S11,210,0,27
Cinderace,EjectButton,13,MrVarga%C3%9Ar,9,2,7,8,64472,40190,5578,Scorbunny_S12,Scorbunny_S21,210,0,27
Azumarill,XSpeed,15,Y4g4m1L1ght,211,14,9,0,127191,53080,35153,Azumarill_S12,Azumarill_S22,645,1,28
Gardevoir,XSpeed,14,Kim_ltn,111,1,7,0,51025,28609,684,Ralts_S11,Ralts_S21,645,1,28
Trevenant,Potion,13,Sweden%E3%83%84,40,5,2,2,59497,107451,68184,Trevenant_S12,Trevenant_S21,645,1,28
Mamoswine,XSpeed,14,clamchawder,55,5,12,1,78074,63919,10664,Swinub_S11,Swinub_S22,645,1,28
Mew,Tail,15,amadic,228,10,10,6,106891,21567,6045,Mew_S1C,Mew_S2C,645,1,28
Blissey,Potion,13,Moody__,76,1,8,0,18184,102032,96004,Chansey_S11,Chansey_S21,227,0,28
Slowbro,XSpeed,13,NickTheMech,111,4,8,1,45377,111924,18920,Slowpoke_S12,Slowpoke_S22,227,0,28
Gengar,Potion,14,algee89,0,4,4,1,62984,77563,19154,Gastly_S21,Gastly_S11,227,0,28
Decidueye,XAttack,14,Silez,0,6,5,7,85520,56359,8486,Decidueye_S11,Decidueye_S21,227,0,28
Buzzwole,Purify,13,Yuringami,40,3,5,0,62561,74800,31500,Buzzwole_S12,Buzzwole_S21,227,0,28
Crustle,Potion,13,Silez,49,3,10,0,35955,70820,20248,Dwebble_S11,Dwebble_S22,303,1,29
Buzzwole,Purify,14,Yuringami,71,5,4,4,53120,79741,30079,Buzzwole_S12,Buzzwole_S21,303,1,29
Espeon,Potion,12,Jessidagr8,26,3,9,1,46757,58806,15673,Espeon_S11,Espeon_S21,303,1,29
Gengar,Potion,14,algee89,25,13,3,0,60261,64901,22350,Gastly_S21,Gastly_S11,303,1,29
Charizard,XSpeed,14,Laserboi450,112,12,9,6,94933,59127,5427,Charmander_S11,Charmander_U11,303,1,29
Venusaur,XSpeed,13,Loscht,0,9,4,2,79024,58590,6717,Bulbasaur_S12,Bulbasaur_U11,220,0,29
Charizard,XSpeed,14,Bobeic,89,8,11,4,69566,46763,4503,Charmander_S12,Charmander_U12,220,0,29
Pikachu,XSpeed,12,nastushaponi,4,5,8,1,51099,58758,4011,Pikachu_S12,Pikachu_U12,220,0,29
Cinderace,Purify,15,Reveenergy,111,15,7,0,96426,41950,12976,Scorbunny_S12,Scorbunny_S21,220,0,29
Snorlax,EjectButton,12,enghvlnc,16,0,11,0,37280,84965,10221,Snorlax_S12,Snorlax_S22,220,0,29
Glaceon,Purify,15,emiratorre,76,8,6,0,100138,39147,13024,Glaceon_S12,Glaceon_S22,419,1,30
Aegislash,EjectButton,14,Ghosty_95Ttv,30,8,6,4,44243,41676,1500,Aegislash_S11,Aegislash_S21,419,1,30
Greedent,Ganrao,14,%D0%A0%D0%B8%D0%96%D0%B0%D0%9C%D0%B0%D0%92%D0%BF%D0%90,173,1,6,0,14392,106338,53277,Skwovet_1A,Skwovet_2A,419,1,30
Delphox,Potion,13,%D0%9A%D0%B8%D1%81%D0%BA%D0%B8%D1%81,129,2,11,0,27853,52358,19049,Fennekin_S12,Fennekin_S21,419,1,30
Espeon,Potion,14,%D0%A2%D0%B5%D1%80%D0%B0%D0%BF%D0%B5%D0%B2%D1%82,11,4,3,6,44886,45562,8493,Espeon_S11,Espeon_S22,419,1,30
Crustle,Potion,13,Silez,94,0,5,0,31861,82399,23340,Dwebble_S11,Dwebble_S22,387,0,30
Gardevoir,EjectButton,15,IRLsnorlax,174,7,3,0,64218,18424,7818,Ralts_S11,Ralts_S21,387,0,30
Lucario,Purify,14,TMG%E3%83%BBBaji,27,4,3,0,45514,42556,7035,Lucario_S11,Lucario_U11,387,0,30
Pikachu,XAttack,14,TMG%E3%83%BBPahchin,41,6,6,0,68791,46654,10448,Pikachu_S12,Pikachu_U12,387,0,30
Greninja,XSpeed,15,caleon_14,51,9,2,2,74697,41479,12215,Froakie_S12,Froakie_S22,387,0,30
Crustle,Potion,14,Silez,173,2,12,0,51336,65648,19496,Dwebble_S11,Dwebble_S22,458,1,31
Sylveon,XSpeed,14,IRLsnorlax,80,5,10,0,81893,46092,18528,Sylveon_S12,Sylveon_S22,458,1,31
Pikachu,XAttack,14,TMG%E3%83%BBPahchin,23,12,8,1,59602,38061,5955,Pikachu_S12,Pikachu_U12,458,1,31
Charizard,XAttack,15,TMG%E3%83%BBBaji,123,8,15,6,83530,39060,9385,Charmander_S11,Charmander_U11,458,1,31
Glaceon,XSpeed,15,caleon_14,39,13,11,4,106366,40920,16315,Glaceon_S12,Glaceon_S22,458,1,31
Trevenant,Potion,12,LiamLilix,34,0,8,4,38611,120282,49120,Trevenant_S12,Trevenant_S22,209,0,31
Glaceon,XSpeed,14,Yshaq,65,7,2,1,48503,55960,9316,Glaceon_S12,Glaceon_S21,209,0,31
Ninetales,EjectButton,13,giangiu11,37,4,5,0,57364,60309,4856,Vulpix_S12,Vulpix_S22,209,0,31
Blissey,XSpeed,13,Sombra,43,2,4,0,25552,80133,42291,Chansey_S11,Chansey_S21,209,0,31
Absol,EjectButton,15,Flaaffysauro,30,9,3,1,59751,66043,12328,Absol_S21,Absol_S11,209,0,31
Crustle,Potion,13,Silez,49,5,6,0,47435,81986,23966,Dwebble_S11,Dwebble_S22,307,1,32
Gardevoir,EjectButton,14,IRLsnorlax,16,4,10,0,60570,28466,7293,Ralts_S11,Ralts_S21,307,1,32
Charizard,XSpeed,13,BlueSogeking,68,2,4,0,31376,46162,3720,Charmander_S11,Charmander_U11,307,1,32
Absol,EjectButton,15,BigFormal,30,15,3,2,69640,47990,11375,Absol_S21,Absol_S11,307,1,32
Buzzwole,EjectButton,13,AceNightwing,144,3,3,1,43136,60584,11146,Buzzwole_S11,Buzzwole_S22,307,1,32
Machamp,XSpeed,13,CECIO,47,9,9,2,66432,56551,7463,Machop_S12,Machop_S22,298,0,32
Blastoise,Potion,13,ill%C3%A8o,151,2,8,1,30582,48678,13681,Squirtle_S12,Squirtle_S22,298,0,32
Gengar,Purify,14,BillyCo96,50,7,6,0,43817,52279,14629,Gastly_S21,Gastly_S11,298,0,32
Greninja,EjectButton,15,%E7%81%AB%E3%83%BBL%C3%A1tom,14,7,9,0,69689,48025,8663,Froakie_S12,Froakie_S22,298,0,32
Espeon,XSpeed,13,Enoximus,36,7,9,0,54668,46624,5321,Espeon_S11,Espeon_S22,298,0,32
Lucario,EjectButton,12,Chelczyk,30,2,3,0,29724,47261,1686,Lucario_S11,Lucario_U12,419,1,33
Absol,Potion,15,Edel1887,186,5,3,0,51503,59918,27771,Absol_S21,Absol_S11,419,1,33
Gardevoir,EjectButton,15,Thwoerin,41,7,3,0,48800,32257,533,Ralts_S12,Ralts_S21,419,1,33
Talonflame,XSpeed,14,DanzZ!,87,8,1,0,41869,38272,923,Fletchling_S12,Fletchling_S21,419,1,33
Crustle,Potion,12,Silez,75,2,7,1,59705,98523,25388,Dwebble_S11,Dwebble_S22,419,1,33
Aegislash,Ganrao,14,Chilli18,121,10,6,0,57559,42289,21870,Aegislash_S12,Aegislash_S22,323,0,33
Pikachu,EjectButton,13,yang_achi,53,7,5,1,62943,41651,7428,Pikachu_S12,Pikachu_U12,323,0,33
Espeon,Potion,13,SelanS,23,2,5,0,33434,43296,7674,Espeon_S12,Espeon_S21,323,0,33
Mew,Potion,12,GWgizmo,0,3,9,2,54817,56749,16158,Mew_S1B,Mew_S2B_1,323,0,33
Tsareena,EjectButton,14,Kaaar_T,90,8,4,7,67478,47616,16749,Tsareena_S12_1,Tsareena_S21_1,323,0,33
MrMime,EjectButton,14,LandoSG,182,4,3,0,31715,63051,27230,MrMime_S12,MrMime_S22,847,1,34
Crustle,Potion,14,Silez,163,2,10,0,32621,71795,20302,Dwebble_S11,Dwebble_S22,847,1,34
Greninja,EjectButton,15,IRLsnorlax,179,12,7,2,70271,39927,20284,Froakie_S12,Froakie_S22,847,1,34
Charizard,XAttack,15,S%C3%AEmon%C4%99r%C3%B5,122,7,8,0,68005,61645,7869,Charmander_S11,Charmander_U11,847,1,34
Machamp,Purify,15,cmKURAMA,201,5,5,0,69583,65281,20116,Machop_S12,Machop_S22,847,1,34
Garchomp,XSpeed,14,AndreasEco,58,9,6,1,59658,56387,18019,Gible_S12,Gible_S22,252,0,34
Pikachu,EjectButton,13,AlexysJr,19,4,7,2,62077,57857,7695,Pikachu_S12,Pikachu_U12,252,0,34
Decidueye,XAttack,14,Sunshino,42,5,3,0,73974,39495,4175,Decidueye_S12,Decidueye_S22,252,0,34
Gengar,XAttack,13,15KR4,29,3,6,1,50015,50496,14501,Gastly_S12,Gastly_S22,252,0,34
MrMime,XSpeed,14,yungpokeball,104,5,6,1,55975,67960,27515,MrMime_S21,MrMime_S22,252,0,34
Pikachu,EjectButton,14,Krulgon,130,7,5,0,66653,37141,14506,Pikachu_U11,Pikachu_U12,430,1,35
Mamoswine,Potion,14,Ulonia,79,6,4,0,61622,63171,21695,Swinub_S11,Swinub_S21,430,1,35
Mew,EjectButton,12,Cpt.Feel,46,1,5,1,33419,37393,548,Mew_S1B,Mew_S2B_1,430,1,35
Crustle,Potion,11,Silez,31,0,6,2,45250,82969,22697,Dwebble_S11,Dwebble_S22,430,1,35
Charizard,XAttack,15,TominoBest,144,7,0,0,65624,46538,17317,Charmander_S12,Charmander_U12,430,1,35
Duraludon,Ganrao,13,DOC_Medins,72,5,6,2,45236,50589,9930,Duraludon_S11,Duraludon_S21,273,0,35
Talonflame,XSpeed,13,Mufasa0424,150,2,0,0,36733,48568,8727,Fletchling_S11,Fletchling_S21,273,0,35
Decidueye,EjectButton,13,Sgueno,0,2,2,3,63583,48744,3326,Decidueye_S12,Decidueye_S22,273,0,35
Dragonite,Potion,14,Baconn82,32,12,4,0,73338,58204,32962,Dragonite_S12,Dragonite_S22,273,0,35
Hoopa,XSpeed,14,dianenguyen,19,4,12,0,48322,66463,49448,Hoopa_S11,Hoopa_S21,273,0,35
Crustle,Potion,14,Silez,164,8,6,0,52799,60622,22547,Dwebble_S11,Dwebble_S22,622,1,36
Charizard,XAttack,13,udjeudz,63,3,5,0,79537,38049,6634,Charmander_S11,Charmander_U11,622,1,36
Zeraora,EjectButton,13,Yahtooc,61,3,2,0,33878,34686,3052,Zeraora_S12,Zeraora_S22,622,1,36
MrMime,Potion,14,ToffaXDI,146,5,4,0,52417,53057,42856,MrMime_S12,MrMime_S22,622,1,36
Pikachu,EjectButton,14,MBARETOR,168,4,3,0,39840,37788,6639,Pikachu_U11,Pikachu_S11,622,1,36
Blissey,Potion,12,yyyyw,50,0,4,0,28189,65379,46660,Chansey_S11,Chansey_S21,292,0,36
Absol,EjectButton,13,Saraib,77,5,6,0,46588,40028,3333,Absol_S12,Absol_S22,292,0,36
Sylveon,EjectButton,12,Daimusx,34,2,4,1,50113,55533,18839,Sylveon_S11,Sylveon_S21,292,0,36
Mamoswine,XAttack,13,FobiaFMV,83,6,1,0,39148,40722,1015,Swinub_S12,Swinub_S22,292,0,36
Garchomp,XAttack,12,Shizeenz,28,3,0,0,60164,56809,5845,Gible_S12,Gible_S22,292,0,36
Pikachu,EjectButton,14,Shiaslayer,30,3,4,3,63103,43445,7594,Pikachu_U11,Pikachu_S11,415,1,37
Cinderace,EjectButton,15,saikesh,90,9,6,4,63286,42250,5725,Scorbunny_S11,Scorbunny_S22,415,1,37
Crustle,EjectButton,14,bayes54,155,0,4,1,28620,57876,8247,Dwebble_S12,Dwebble_S22,415,1,37
Zeraora,EjectButton,15,prlr23,72,11,3,1,74602,49547,15276,Zeraora_S12,Zeraora_S21,415,1,37
MrMime,Potion,14,_Nitr0_,68,4,12,0,86201,84159,57255,MrMime_S12,MrMime_S22,415,1,37
Slowbro,XSpeed,13,callmefranka,99,3,7,1,57609,83167,5998,Slowpoke_S11,Slowpoke_S22,383,0,37
Greninja,EjectButton,15,MrMiauwro,162,12,2,0,54624,43195,15918,Froakie_S12,Froakie_S22,383,0,37
Delphox,XSpeed,13,Stabiler,0,2,7,3,32009,30951,2689,Fennekin_S12,Fennekin_S21,383,0,37
Crustle,Potion,14,Silez,52,6,6,0,55953,90682,23910,Dwebble_S11,Dwebble_S22,383,0,37
Charizard,XSpeed,15,IsmailReda,50,3,5,4,77082,67817,12069,Charmander_S11,Charmander_U11,383,0,37
Espeon,EjectButton,13,%5BAnakin%5D,103,0,7,2,45531,39957,376,Espeon_S11,Espeon_S22,474,1,38
Gengar,EjectButton,14,Orion83400,50,10,3,2,84219,61397,31010,Gastly_S21,Gastly_S11,474,1,38
Crustle,Ganrao,14,Scotty7,241,2,3,0,30934,44217,6082,Dwebble_S12,Dwebble_S21,474,1,38
Gardevoir,Potion,14,KevowG,50,7,2,0,70798,43606,12542,Ralts_S12,Ralts_S22,474,1,38
Greninja,Ganrao,13,Simon1001,30,3,2,5,89849,44301,13500,Froakie_S11,Froakie_S21,474,1,38
MrMime,Potion,14,Asclepio6,199,3,2,0,51861,68997,46498,MrMime_S12,MrMime_S22,418,0,38
Slowbro,Potion,13,Tiflos,31,2,5,1,27232,86709,19793,Slowpoke_S11,Slowpoke_S22,418,0,38
Gardevoir,Potion,13,Eszal,120,0,5,1,51091,66123,14570,Ralts_S11,Ralts_S22,418,0,38
Zeraora,XAttack,15,Flavioking9,0,12,1,2,66492,47335,6664,Zeraora_S12,Zeraora_S21,418,0,38
Garchomp,Potion,13,Silez,48,2,1,0,36802,52167,22163,Gible_S12,Gible_S11,418,0,38
Venusaur,EjectButton,14,Broggr,100,5,5,4,53841,46474,6240,Bulbasaur_S12,Bulbasaur_U11,805,1,39
MrMime,Gear,15,Ogigiaa,140,7,5,0,66588,65561,15678,MrMime_S12,MrMime_S22,805,1,39
Cinderace,XAttack,15,Damimon,205,10,6,2,77548,30910,11703,Scorbunny_S11,Scorbunny_S21,805,1,39
Buzzwole,XAttack,15,Muurda,213,6,6,0,49471,45269,16820,Buzzwole_S11,Buzzwole_S22,805,1,39
Mamoswine,EjectButton,14,Shorakai,127,4,8,0,39537,46366,8919,Swinub_S11,Swinub_S21,805,1,39
Garchomp,Potion,13,sterben27,115,2,4,0,33005,57723,16074,Gible_S21,Gible_S11,421,0,39
Mew,EjectButton,12,Ale30l,54,7,1,0,66127,39636,902,Mew_S1C,Mew_S2C,421,0,39
Crustle,Potion,11,Silez,28,2,6,3,49231,102306,22677,Dwebble_S11,Dwebble_S22,421,0,39
Duraludon,Potion,13,FadiMT,66,4,7,0,42091,46435,11192,Duraludon_S11,Duraludon_S21,421,0,39
Pikachu,EjectButton,13,Nardeen,158,5,4,0,44126,40885,9591,Pikachu_S12,Pikachu_U12,421,0,39
Crustle,Potion,14,Silez,185,12,12,1,80462,63626,25132,Dwebble_S11,Dwebble_S22,521,1,40
Sylveon,EjectButton,14,Daniqdrx,71,11,5,0,54134,38956,28592,Sylveon_S11,Sylveon_S21,521,1,40
Cinderace,EjectButton,13,caligolar,65,4,2,1,27326,37164,4916,Scorbunny_S12,Scorbunny_S22,521,1,40
Zeraora,EjectButton,14,Giozzog,86,7,1,0,39904,27154,4006,Zeraora_S11,Zeraora_S21,521,1,40
MrMime,Potion,14,Mrku,78,7,3,0,45986,55148,32035,MrMime_S12,MrMime_S22,521,1,40
Blastoise,EjectButton,11,NikoMKN,22,0,5,0,32367,50314,9919,Squirtle_S11,Squirtle_S22,205,0,40
Garchomp,XAttack,13,SdKingy,90,8,0,0,58256,49451,8017,Gible_S12,Gible_S22,205,0,40
Ninetales,EjectButton,12,Smottyv,10,1,1,0,54614,58381,4507,Vulpix_S12,Vulpix_S22,205,0,40
Cinderace,EjectButton,13,WeadWF,25,3,1,3,40346,44986,1999,Scorbunny_S12,Scorbunny_S22,205,0,40
Zeraora,EjectButton,14,corbad,58,3,2,0,36465,44680,3167,Zeraora_S11,Zeraora_S21,205,0,40
Greninja,EjectButton,15,Teocale,40,11,7,1,63403,37043,10979,Froakie_S12,Froakie_S21,655,1,41
Aegislash,XSpeed,14,Goldenfan,43,3,7,0,30316,41914,8127,Aegislash_S11,Aegislash_S21,655,1,41
Gengar,EjectButton,15,sbhihi,212,17,2,0,74765,37153,23764,Gastly_S12,Gastly_S22,655,1,41
Espeon,EjectButton,15,Yaanyoon,166,6,6,2,55736,32931,0,Espeon_S11,Espeon_S22,655,1,41
MrMime,EjectButton,15,KingFi9,154,7,16,0,64632,53479,33493,MrMime_S12,MrMime_S22,655,1,41
Gengar,EjectButton,14,TopGun89-ITA,84,6,2,0,51248,64332,17847,Gastly_S21,Gastly_S11,317,0,41
Gardevoir,Potion,14,Aypopa,107,5,6,0,53987,43948,10497,Ralts_S12,Ralts_S21,317,0,41
Snorlax,XSpeed,12,loopsein,55,0,2,0,21249,65258,9483,Snorlax_S11,Snorlax_S22,317,0,41
Talonflame,XAttack,14,Sir_Dr%C3%A9ko,58,3,1,0,41309,41114,7974,Fletchling_S11,Fletchling_S22,317,0,41
Garchomp,Potion,12,Silez,13,1,5,0,34727,74200,17817,Gible_S12,Gible_S11,317,0,41
Charizard,XSpeed,15,JustLuk4s,0,7,5,0,59667,48455,16421,Charmander_S11,Charmander_U12,450,1,42
Venusaur,Potion,15,Giovics,156,7,9,0,59324,55034,25050,Bulbasaur_S12,Bulbasaur_U12,450,1,42
Mew,EjectButton,13,NC91,67,8,5,0,77453,30379,4725,Mew_S1B,Mew_S2B_1,450,1,42
MrMime,Potion,13,L%C3%B3,46,6,12,0,80851,79134,65958,MrMime_S12,MrMime_S22,450,1,42
Dodrio,XSpeed,15,Bearhut,161,9,7,1,64616,55099,12471,Dodrio_S12,Dodrio_S21,450,1,42
Mew,Potion,13,Likki88,141,5,4,1,63195,58505,12117,Mew_S1C,Mew_S2C,299,0,42
Garchomp,Potion,12,Silez,0,3,7,1,49750,80428,22891,Gible_S12,Gible_S11,299,0,42
Wigglytuff,EjectButton,12,MiguelMarte,46,1,5,3,19214,80279,10583,Jigglypuff_S12,Jigglypuff_S22,299,0,42
Tyranitar,XSpeed,14,Lev%C3%ADan,78,7,5,6,69455,55164,2076,Tyranitar_S11,Tyranitar_S21,299,0,42
Absol,EjectButton,14,Davide,34,5,4,1,66487,67535,6509,Absol_S12,Absol_S11,299,0,42
Aegislash,XAttack,14,x_Zayn_x,88,7,4,6,65212,62335,20023,Aegislash_S11,Aegislash_S22,417,1,43
Snorlax,EjectButton,13,Lieciu,33,3,6,2,40447,74858,24313,Snorlax_S12,Snorlax_S22,417,1,43
Dodrio,XSpeed,15,Bearhut,136,7,5,2,53901,41918,6961,Dodrio_S12_1,Dodrio_S21,417,1,43
MrMime,Potion,14,Alkyrus,30,12,9,0,91149,99112,59315,MrMime_S12,MrMime_S22,417,1,43
Mew,EjectButton,14,Gryyve,130,6,6,1,63422,38331,6428,Mew_S1B,Mew_S2B_2,417,1,43
Mamoswine,XSpeed,13,T4NK3,16,3,9,1,44858,70405,2008,Swinub_S11,Swinub_S21,182,0,43
Venusaur,Potion,14,Giovics,52,11,1,2,79717,57846,25623,Bulbasaur_S12,Bulbasaur_U11,182,0,43
Crustle,Potion,12,Silez,47,0,6,1,41603,87812,26101,Dwebble_S11,Dwebble_S22,182,0,43
Absol,XAttack,13,RoroAshura,40,4,5,1,46955,53709,10733,Absol_S21,Absol_S11,182,0,43
Tyranitar,XAttack,15,Iaburno,27,9,5,0,103421,44359,11948,Tyranitar_S11,Tyranitar_S21,182,0,43
Mew,XAttack,13,pokebomber69,38,5,9,1,55213,32572,3279,Mew_S1B,Mew_S2B_1,480,1,44
Espeon,XSpeed,13,Shakalex,72,3,6,0,77672,42156,4320,Espeon_S11,Espeon_S22,480,1,44
MrMime,XAttack,14,Reyl%C3%A4,76,5,8,4,61665,58250,27553,MrMime_S12,MrMime_S22,480,1,44
Trevenant,Potion,13,tengulist1,42,5,1,0,75445,109483,77407,Trevenant_S12,Trevenant_S21,480,1,44
Glaceon,EjectButton,15,Atheosis,252,8,5,2,66416,30924,8952,Glaceon_S12,Glaceon_S22,480,1,44
Tsareena,Ganrao,14,mimmo717,127,0,7,0,29959,63019,8455,Tsareena_S12,Tsareena_S21,391,0,44
Venusaur,Gear,15,McFratz,120,3,6,0,67509,52605,27763,Bulbasaur_S12,Bulbasaur_U12,391,0,44
MrMime,XSpeed,14,Shadowreign,86,3,5,1,59787,85326,41107,MrMime_S12,MrMime_S22,391,0,44
Pikachu,EjectButton,15,AlexysJr,16,11,6,0,63130,45395,9436,Pikachu_S12,Pikachu_U12,391,0,44
Crustle,Potion,13,Silez,22,5,4,0,53000,90066,23357,Dwebble_S11,Dwebble_S22,391,0,44
Cinderace,EjectButton,14,VcsS%C3%A3oPodres,185,7,9,1,61930,41269,4113,Scorbunny_S11,Scorbunny_S22,655,1,45
Trevenant,EjectButton,15,Deatharrowss,152,10,9,0,75398,90074,60210,Trevenant_S12,Trevenant_S21,655,1,45
Cramorant,EjectButton,15,BALTACI,165,4,6,1,63356,39001,16195,Cramorant_S12,Cramorant_S22,655,1,45
Machamp,EjectButton,14,InfernalDome,55,8,3,0,47468,39662,7271,Machop_S12,Machop_S22,655,1,45
Espeon,EjectButton,13,Ryuk2021,82,4,8,0,68857,44333,7502,Espeon_S12,Espeon_S22,655,1,45
Blastoise,EjectButton,13,Sammyup2Date,40,3,7,3,54376,54129,7625,Squirtle_S11,Squirtle_S22,395,0,45
Absol,EjectButton,15,bigmeen066,85,10,7,3,75189,53644,6385,Absol_S21,Absol_S11,395,0,45
Machamp,Potion,14,Kooryax,28,8,3,1,46171,73634,26707,Machop_S12,Machop_S22,395,0,45
Snorlax,XSpeed,13,loopsein,159,1,1,0,25025,88339,30745,Snorlax_S11,Snorlax_S22,395,0,45
Decidueye,XAttack,13,Silez,83,5,3,1,53578,47263,4628,Decidueye_S11,Decidueye_S21,395,0,45
Aegislash,EjectButton,14,Simnet,124,3,7,0,40817,47341,13726,Aegislash_S11,Aegislash_S21,478,1,46
Espeon,XSpeed,15,PLU_Borgiu,132,10,3,0,60444,48771,6034,Espeon_S11,Espeon_S22,478,1,46
Delphox,EjectButton,13,Angel_Wing,0,5,14,4,73887,38909,0,Fennekin_S11,Fennekin_S21,478,1,46
Snorlax,XSpeed,13,loopsein,52,1,3,1,34873,86043,34150,Snorlax_S11,Snorlax_S22,478,1,46
Crustle,Potion,14,Silez,170,7,6,4,50490,94752,25030,Dwebble_S11,Dwebble_S22,478,1,46
Cramorant,EjectButton,13,Shellpusaku,32,2,4,2,68474,56753,14685,Cramorant_S12,Cramorant_S22,318,0,46
Crustle,Ganrao,14,Mario1112,74,1,5,0,40657,52563,498,Dwebble_S12,Dwebble_S22,318,0,46
Dodrio,XSpeed,14,Linfazzo,64,4,3,0,45740,62085,14809,Dodrio_S11,Dodrio_S22,318,0,46
Espeon,EjectButton,14,Zehoo,76,6,4,0,58253,45066,6346,Espeon_S11,Espeon_S22,318,0,46
Glaceon,EjectButton,15,Akainu,52,15,6,6,102692,44044,22730,Glaceon_S12,Glaceon_S22,318,0,46
Cinderace,XSpeed,14,Mellum17,100,4,7,0,61311,42359,5546,Scorbunny_S12,Scorbunny_S22,597,1,47
Duraludon,EjectButton,15,Persifalia,207,13,11,9,131575,38998,17554,Duraludon_S12,Duraludon_S22,597,1,47
Pikachu,EjectButton,15,EmptiPiece,164,5,13,0,44087,33358,7953,Pikachu_S12,Pikachu_S11,597,1,47
Tyranitar,XSpeed,15,andreypanda,100,11,9,0,146349,84828,8711,Tyranitar_S11,Tyranitar_S21_2,597,1,47
Blissey,XSpeed,14,Xevals%E3%83%BBo%E3%83%BB,26,4,19,1,38212,144941,159713,Chansey_S11,Chansey_S21,597,1,47
MrMime,XAttack,13,Axelerat,14,2,10,2,40407,88507,23500,MrMime_S12,MrMime_S22,286,0,47
Snorlax,XSpeed,14,loopsein,95,3,3,1,55011,116982,45215,Snorlax_S11,Snorlax_S22,286,0,47
Garchomp,Potion,13,Silez,40,2,3,3,53851,80263,18456,Gible_S12,Gible_S11,286,0,47
Tyranitar,XSpeed,15,FiraGrey20,87,12,2,1,123684,60290,4796,Tyranitar_S12,Tyranitar_S22_2,286,0,47
Pikachu,Potion,12,roba20,30,3,9,3,71531,75492,16446,Pikachu_S12,Pikachu_U12,286,0,47
Dodrio,XSpeed,13,Alphabitt,142,3,3,0,26355,47555,3341,Dodrio_S12_1,Dodrio_S21,414,1,48
Charizard,XSpeed,14,PikaThordi,27,4,3,1,46377,38552,6957,Charmander_S12,Charmander_U11,414,1,48
Mew,EjectButton,13,mitsukisun,84,3,8,4,72825,37541,5319,Mew_S1B,Mew_S2C,414,1,48
Espeon,EjectButton,12,Tortellino,30,3,5,2,63306,30155,5164,Espeon_S11,Espeon_S22,414,1,48
Tyranitar,XSpeed,14,Dante23,111,11,5,14,104023,69623,11303,Tyranitar_S11,Tyranitar_S21,414,1,48
Mew,XAttack,13,Saimon2,64,4,5,3,70259,36197,3809,Mew_S1B,Mew_S2C,302,0,48
Absol,EjectButton,13,bellisgabell,28,9,1,0,56386,55557,6574,Absol_S21,Absol_S11,302,0,48
Blissey,Ganrao,12,Motteush,67,1,8,1,8023,79908,12884,Chansey_S12,Chansey_S22,302,0,48
Charizard,EjectButton,15,Shadowreign,119,6,1,0,41068,53754,15985,Charmander_S11,Charmander_U11,302,0,48
Crustle,Potion,13,Silez,24,3,3,2,47690,87470,25047,Dwebble_S11,Dwebble_S22,302,0,48
Crustle,Potion,13,Silez,73,3,11,0,24842,51692,11368,Dwebble_S11,Dwebble_S22,566,1,49
Absol,XAttack,14,kATYUSHKA,16,9,3,0,49181,31705,6265,Absol_S12,Absol_S11,566,1,49
Tsareena,XAttack,14,%D0%B0%D0%BD%D0%B3%D0%B5%D0%BB%D0%B8%D1%88%D0%BA%D0%B0,119,3,5,0,17022,32386,8921,Tsareena_S11,Tsareena_S21,566,1,49
Cramorant,EjectButton,13,djmanux,151,5,3,1,41053,45241,11259,Cramorant_S12,Cramorant_S22,566,1,49
Pikachu,XSpeed,14,Esm%C3%ABray,171,11,2,2,59072,48512,5843,Pikachu_S12,Pikachu_U12,566,1,49
Gardevoir,EjectButton,14,Stevos92,107,6,3,0,57417,10984,4772,Ralts_S11,Ralts_S22,284,0,49
Absol,XSpeed,12,Xenios02,61,2,2,0,22589,35228,9260,Absol_S21,Absol_S22,284,0,49
MrMime,XSpeed,12,pikadexx,0,1,3,0,29079,67325,12358,MrMime_S12,MrMime_S22,284,0,49
Espeon,XSpeed,13,Calipsos,56,7,1,0,56311,39602,420,Espeon_S11,Espeon_S21,284,0,49
Delphox,EjectButton,12,simentana,40,2,6,0,44140,38031,3598,Fennekin_S12,Fennekin_S21,284,0,49
